V1,V2,V3
t,2,52
f,2,108
f,2,194
t,2,255
t,2,302
t,2,377
t,2,480
f,2,530
t,2,554
l,2,653
f,2,803
f,2,1151
o,2,1296
f,2,1342
l,2,1370
l,2,1423
l,2,1443
l,2,1490
l,2,1520
l,2,1539
l,2,1601
f,2,1662
t,2,1808
t,2,1822
t,2,1952
t,3,26
t,3,609
t,3,754
t,3,891
l,3,1504
t,4,1770
t,5,694
t,7,1966
f,8,920
t,8,1063
l,8,1267
l,8,1466
l,8,1935
l,9,850
l,10,74
f,10,935
t,10,1118
f,11,446
t,11,671
t,11,722
t,11,770
t,11,1183
t,11,1248
t,12,340
f,13,519
l,13,1620
f,14,413
t,14,641
l,14,1403
t,14,1999
o,15,214
f,15,488
t,16,322
t,16,1014
t,16,1557
t,17,105
t,17,571
l,17,1217
t,17,1785
t,18,373
t,18,508
t,18,835
l,18,1592
l,18,1605
t,19,817
l,19,1419
l,19,1458
l,19,1480
f,19,1675
t,19,1729
t,19,1872
l,20,64
t,20,169
o,20,292
l,20,1542
l,21,1348
t,21,1642
t,22,914
f,23,943
f,23,966
t,23,988
l,25,1628
l,26,1521
t,26,1750
t,27,315
t,27,682
f,27,888
t,27,1943
t,28,391
f,28,412
t,28,1900
t,29,798
t,29,1928
l,30,221
l,30,1293
l,31,1582
t,31,1982
t,32,130
t,32,147
t,32,1779
t,33,2
o,33,290
t,34,163
t,34,1029
t,35,712
t,35,828
l,35,1463
l,35,1563
t,35,1837
l,36,433
t,36,653
f,36,1607
f,37,856
l,37,1217
l,37,1424
t,38,756
f,39,58
f,39,936
l,39,1311
l,39,1338
t,39,1753
l,40,1367
t,41,535
t,41,590
t,41,975
l,41,1267
t,41,1643
t,42,18
o,42,218
t,42,348
t,42,684
t,42,1720
t,42,1816
t,42,1954
f,43,201
t,43,518
l,43,1438
t,43,1503
t,43,1792
t,44,1060
f,44,1151
l,44,1405
l,45,44
t,45,1098
t,47,1010
l,47,1290
l,47,1457
l,48,250
l,48,1982
l,49,99
t,49,638
t,49,803
l,49,1565
t,49,1580
l,49,1911
t,50,562
l,50,874
l,51,30
f,51,460
t,51,730
t,51,775
t,51,897
t,51,1081
l,51,1243
f,51,1672
t,51,1852
t,52,312
l,52,1357
t,52,1887
f,53,482
t,55,110
t,55,749
t,55,1730
t,55,1766
t,57,392
t,58,530
t,58,610
t,59,175
t,59,586
t,59,700
l,59,1534
t,60,137
t,60,667
f,60,1478
f,60,1603
t,60,1874
l,61,1434
t,62,7
o,62,1459
f,63,906
l,63,1046
l,63,1347
l,64,202
t,64,510
l,64,848
l,64,1655
l,64,1977
t,65,82
f,65,452
t,65,1376
l,66,63
f,66,115
t,66,818
t,66,1117
l,66,1406
l,66,1641
t,66,1944
t,67,39
l,67,1326
t,67,1824
l,67,1994
t,68,414
t,68,1749
t,69,645
t,70,788
t,70,1211
f,70,1671
t,70,1918
t,71,19
t,71,302
f,71,943
l,71,1524
l,71,1891
t,72,287
t,72,1023
o,72,1227
t,73,351
t,73,553
f,73,1165
l,73,1494
f,73,1702
t,74,576
t,74,695
f,74,889
t,74,1087
l,74,1141
t,74,1771
t,75,738
t,75,858
t,75,985
t,75,1869
f,76,97
l,76,1256
l,76,1421
f,76,1543
f,76,1555
l,76,1721
l,77,1476
t,78,1106
t,78,1375
l,78,1620
t,79,383
f,79,907
t,79,1191
l,79,1357
l,79,1436
t,79,1799
t,80,164
t,80,511
t,80,624
l,80,652
t,80,1065
l,80,1316
t,81,179
l,81,1643
l,81,1739
t,81,1848
t,82,598
l,82,1299
t,82,1574
l,82,1596
l,82,1670
t,82,1783
t,82,1819
l,82,1967
t,83,671
l,83,955
t,84,715
t,84,877
l,84,1458
l,85,541
l,85,1210
t,86,201
t,86,242
t,86,840
t,86,1947
l,87,1507
t,88,470
t,88,755
t,88,795
l,89,1413
t,90,554
l,90,1445
t,90,1890
t,91,682
l,91,921
l,91,1276
l,91,1329
t,92,47
t,92,82
t,92,428
t,92,935
t,92,1038
t,92,1495
t,93,779
t,93,1561
t,94,859
t,94,1122
t,94,1854
l,95,1616
t,96,275
t,96,1051
l,96,1178
l,96,1382
l,96,1430
t,96,1920
l,97,647
t,98,6
t,98,878
t,98,1084
t,99,223
t,100,383
t,100,574
t,100,1007
t,101,297
t,102,502
t,102,1107
l,102,1511
t,102,1602
l,102,1631
t,103,30
l,103,1293
t,103,1584
t,104,413
o,104,1689
t,105,691
l,105,1649
t,106,1039
l,106,1200
t,107,147
t,107,810
l,107,1227
t,108,87
f,108,592
l,108,1620
t,109,478
t,109,711
l,109,1360
t,109,1567
t,111,790
l,111,1465
t,112,626
l,112,1958
l,113,231
t,113,1376
t,114,316
t,114,552
t,114,946
l,114,1417
t,114,1945
t,115,526
t,115,571
l,115,1551
t,116,1018
t,116,1248
l,116,1277
l,116,1762
t,117,899
t,117,985
l,117,1333
l,117,1848
t,118,29
l,118,1440
l,118,1499
l,118,1656
t,118,1712
f,118,1734
o,118,1872
t,118,1899
l,119,598
t,119,840
l,119,921
t,119,1118
t,120,168
t,120,456
t,120,1095
t,120,1150
l,120,1222
l,120,1528
t,122,271
t,122,651
t,122,1395
l,122,1470
l,122,1608
t,122,1823
t,122,1932
t,123,219
l,123,1984
t,125,731
t,125,1075
l,125,1310
t,126,680
l,126,1779
t,127,127
f,127,1702
t,128,878
t,129,514
l,129,583
l,129,1275
l,129,1363
t,130,71
t,130,350
t,130,811
t,130,1297
t,131,419
t,131,775
t,131,945
l,131,1633
o,131,1856
t,131,1902
t,132,108
t,132,146
l,132,538
l,132,912
t,132,1181
t,132,1508
t,133,51
o,133,382
l,133,493
l,133,1483
l,133,1578
t,134,759
t,135,1135
t,135,1424
t,136,961
t,137,233
t,137,254
t,137,1201
f,138,1714
t,139,23
t,140,452
t,140,1005
t,141,596
l,141,1546
l,141,1562
l,142,557
t,142,666
t,142,979
t,142,1270
l,142,1436
l,142,1527
t,142,1986
t,143,570
t,143,1701
t,144,683
t,144,858
t,144,1113
l,145,1094
t,145,1220
t,145,1884
t,145,1940
t,146,898
f,146,1306
l,146,1326
l,146,1633
t,147,90
t,147,285
t,147,406
t,147,469
t,147,1064
t,148,647
t,148,703
t,148,829
t,148,1403
l,148,1600
t,148,1803
l,149,521
t,150,188
t,150,213
t,150,537
t,150,731
t,150,1491
t,151,320
t,151,381
l,151,1468
l,151,1682
t,152,1036
t,153,33
t,153,1256
l,153,1866
t,153,1957
t,154,350
t,154,769
l,154,1380
l,154,1556
t,155,490
t,156,1793
t,158,434
l,158,602
t,159,61
t,159,236
t,159,249
t,159,629
t,160,506
t,160,916
t,160,1227
t,160,1824
t,161,793
l,161,1513
l,161,1928
t,162,1074
t,163,4
l,163,1528
l,164,406
t,164,658
t,164,732
t,164,871
t,165,1427
t,166,188
t,166,957
l,166,1444
l,166,1498
t,167,885
l,167,1461
l,167,1654
f,168,1156
l,168,1394
l,168,1982
l,169,1582
l,169,1736
t,169,1907
l,170,421
t,170,1060
t,170,1085
t,170,1105
t,171,94
t,171,1710
t,172,300
t,172,368
f,172,1193
t,172,1884
t,173,1354
l,174,591
l,174,1330
l,175,616
t,175,822
t,176,535
t,176,1221
l,176,1535
l,176,1601
t,176,1675
t,177,921
t,177,978
t,178,220
f,178,407
l,178,1385
l,178,1475
t,178,1835
o,178,1990
t,179,317
t,179,474
f,179,1027
t,179,1240
l,179,1967
t,180,508
t,181,387
t,181,859
t,182,47
t,182,431
t,182,1114
l,182,1363
l,182,1408
l,182,1498
t,183,1299
l,183,1458
l,183,1628
f,183,1703
t,183,1925
t,184,161
t,184,659
t,184,711
t,185,69
l,185,121
t,185,243
t,185,1854
l,185,1980
t,186,609
t,186,683
l,186,1551
f,186,1780
t,186,1888
t,187,347
t,187,637
t,188,1280
t,190,189
t,190,571
f,190,1198
l,190,1424
l,190,1440
t,191,908
t,192,278
t,192,1945
t,193,549
t,194,302
t,194,888
l,194,1512
t,195,1138
l,196,263
t,196,1010
l,196,1531
t,196,1563
l,196,1599
o,196,1717
l,197,743
t,197,772
l,197,1077
t,197,1220
f,197,1914
t,198,75
l,198,1584
l,198,1756
t,199,520
l,199,1498
t,199,1834
t,200,93
t,200,709
l,200,1324
l,200,1638
t,201,379
l,201,1307
t,202,56
t,202,952
t,202,1235
l,202,1272
f,202,1743
t,203,496
t,203,982
l,203,1385
t,204,401
t,204,1027
l,204,1091
o,204,1372
t,205,218
t,205,645
t,205,675
l,205,1060
l,205,1429
l,205,1443
l,205,1479
o,205,1811
t,205,1863
t,207,346
t,207,820
f,208,16
t,208,428
t,209,29
l,209,1596
l,209,1663
f,210,123
t,210,720
t,210,970
t,210,1346
o,210,1698
t,210,1990
t,211,318
t,211,523
f,211,1197
l,211,1536
l,212,760
l,212,803
l,212,1154
l,212,1334
t,212,1970
t,213,851
l,213,1612
l,214,188
t,214,550
l,214,1402
t,214,1515
t,215,152
t,215,374
l,215,1493
l,216,284
t,216,624
t,216,896
f,218,112
t,218,438
t,218,690
t,218,774
t,218,1036
l,218,1308
l,218,1631
t,218,1949
t,219,1004
l,219,1453
t,219,1840
t,220,571
o,220,1782
t,221,244
t,221,466
l,221,1222
t,222,221
t,222,883
l,222,1559
l,222,1653
t,223,860
l,223,1466
t,223,1859
o,224,1681
l,225,1276
t,226,90
t,226,612
l,226,1435
o,226,1584
t,227,733
t,227,802
l,227,1335
l,227,1894
t,228,511
t,228,1989
t,229,181
t,229,937
l,229,1493
t,230,271
o,230,1792
t,231,311
t,231,523
t,231,652
t,231,901
t,231,959
l,231,1478
t,231,1530
t,232,48
t,232,1389
l,232,1412
l,232,1621
f,232,1811
t,233,745
l,233,1288
t,234,223
t,234,438
t,234,592
l,234,1545
l,234,1642
t,235,364
l,236,577
t,236,982
t,236,1005
l,236,1078
o,236,1731
t,237,707
t,237,788
l,237,1256
l,237,1371
t,238,96
t,238,503
t,238,1120
l,238,1319
t,239,330
l,239,1350
t,239,1883
t,240,298
t,240,408
t,240,840
l,240,1446
f,241,113
t,241,675
t,241,1053
l,241,1224
l,241,1302
t,242,558
t,242,757
l,242,1238
t,243,1029
f,243,1168
t,243,1933
t,244,880
l,244,1528
t,244,1578
l,244,1767
t,244,1957
l,245,1209
l,245,1333
f,246,145
l,246,1515
t,248,511
t,248,628
l,248,1630
o,248,1792
t,249,1909
t,250,1566
t,250,1669
t,250,1999
t,251,50
t,251,76
t,251,908
l,251,1275
l,251,1372
l,252,1434
t,252,1880
t,253,466
l,253,1317
t,254,249
t,254,308
l,255,121
t,255,526
l,255,1447
l,255,1583
t,256,709
t,256,1119
t,258,450
t,258,844
l,258,991
t,258,1020
l,258,1204
l,258,1332
l,258,1759
f,258,1858
t,258,1975
t,259,184
t,259,278
t,259,584
t,259,948
l,259,1603
l,260,227
t,260,1238
o,261,1816
t,262,260
t,262,927
l,262,1515
f,263,99
f,263,140
l,263,740
t,263,1475
l,263,1955
t,264,775
t,264,1556
f,264,1846
t,265,1046
l,265,1347
f,265,1411
t,265,1932
f,266,38
t,266,403
t,266,815
f,266,1163
l,266,1636
t,267,159
t,267,515
t,267,1093
l,267,1619
o,267,1688
f,268,23
t,268,174
t,268,347
t,268,426
l,268,1536
f,269,3
t,269,679
l,269,1193
l,269,1271
t,270,603
t,270,1030
l,270,1292
t,270,1361
l,270,1458
t,271,1067
o,271,1661
f,271,1892
t,272,74
t,272,363
t,272,667
t,272,965
l,272,1393
l,272,1755
t,273,693
t,273,942
l,273,1209
l,273,1429
f,274,458
t,274,644
t,275,755
f,275,1911
t,276,554
t,276,868
t,276,886
l,276,1501
t,276,1572
l,276,1698
t,277,994
l,277,1608
t,277,1995
t,278,251
o,279,483
l,279,614
t,280,532
t,280,798
l,280,1248
t,281,60
l,281,709
l,281,1128
t,283,273
t,283,850
l,283,1326
l,283,1733
t,284,430
t,284,775
l,284,1525
l,284,1550
l,284,1583
l,284,1648
o,284,1669
t,284,1873
l,285,726
l,285,1306
l,285,1470
f,285,1929
t,286,130
t,286,910
l,286,1488
l,286,1774
l,287,817
o,287,971
t,287,1052
t,287,1079
l,287,1355
t,288,1114
f,288,1981
t,289,2
t,289,391
t,290,200
t,290,502
t,290,754
t,290,1423
l,291,86
f,291,1157
l,291,1635
o,291,1681
t,292,181
t,292,310
l,293,1410
t,293,1906
t,294,240
f,294,1195
l,294,1216
l,294,1575
l,295,1246
t,295,1710
l,296,221
t,296,403
t,297,356
t,297,724
t,297,776
t,297,1291
l,297,1752
t,298,869
l,298,1597
l,299,672
l,299,1451
l,299,1835
t,300,815
t,301,272
t,301,302
t,301,843
t,301,947
t,302,336
t,302,1027
l,302,1335
l,302,1352
l,302,1465
l,302,1502
t,303,287
l,303,1538
l,303,1768
l,303,1784
t,304,24
t,304,740
t,304,1803
t,304,1895
f,304,1922
t,305,181
l,305,483
l,305,964
t,305,1108
l,305,1223
l,305,1374
t,306,114
l,306,1678
t,307,631
t,307,978
l,307,1270
t,307,1393
l,307,1611
l,308,582
l,308,645
l,308,1486
l,309,385
t,309,1080
t,309,1843
t,309,1859
t,310,84
t,310,97
f,310,501
t,310,691
t,310,998
t,311,144
o,311,1170
l,311,1564
l,311,1657
l,312,161
t,312,557
l,312,1363
t,313,919
t,313,1303
l,313,1584
t,314,811
t,314,854
l,314,1713
t,315,68
l,315,1640
t,316,33
t,316,611
t,316,714
f,316,1961
t,317,203
l,317,1505
t,317,1806
t,318,265
f,318,455
t,318,668
t,318,1061
l,318,1896
f,319,244
l,319,1261
l,319,1480
l,319,1759
t,320,1114
l,320,1245
l,320,1392
l,321,749
l,321,1226
t,321,1684
t,322,132
t,322,355
f,322,388
t,322,1035
l,322,1345
l,322,1374
l,322,1527
t,323,291
t,323,321
t,323,903
t,323,955
t,324,935
l,324,1213
l,324,1326
l,324,1442
f,325,466
l,325,1560
l,326,1419
l,326,1548
l,327,1602
l,327,1731
l,328,1495
l,328,1640
t,329,218
f,329,425
t,329,589
t,329,862
l,329,1281
l,329,1766
l,330,1464
f,330,1851
t,331,59
t,331,109
t,331,839
f,331,1174
t,331,1826
t,333,686
t,333,740
t,333,1813
l,334,1334
l,334,1359
t,335,984
l,335,1659
t,336,12
l,336,177
t,336,810
o,336,1222
l,336,1251
o,336,1944
l,337,768
t,337,891
l,337,1713
t,338,1081
t,339,792
l,339,1406
t,340,486
l,340,1687
l,341,1522
t,341,1891
t,342,97
t,342,193
o,342,516
l,342,1271
l,342,1311
f,343,437
l,343,1384
l,343,1787
f,344,450
t,344,653
l,344,1618
f,344,1845
l,346,346
t,346,911
t,346,1903
f,346,1916
t,347,78
t,347,924
l,348,159
l,348,1561
l,348,1656
l,348,1971
l,349,370
t,349,833
t,349,1029
l,349,1751
t,350,314
t,350,998
l,350,1373
l,350,1480
l,350,1930
t,351,224
t,351,295
t,351,1082
t,351,1643
t,352,633
l,352,1294
f,352,1704
t,353,609
t,353,1010
t,353,1058
t,354,138
f,354,501
f,354,1173
l,354,1572
t,355,56
t,355,334
t,355,477
f,355,536
l,355,1670
t,356,35
t,356,259
t,356,1114
l,356,1249
l,356,1346
l,356,1501
f,357,519
t,357,944
l,357,1227
l,357,1419
l,358,178
t,358,980
l,358,1316
t,359,878
l,359,1597
t,359,1820
t,360,705
l,360,1280
l,360,1530
t,361,235
t,361,682
t,362,12
l,362,561
t,363,656
t,363,1030
l,364,1789
t,364,1855
t,365,861
t,365,1965
t,366,98
l,367,215
t,367,799
t,367,1070
l,367,1516
l,368,1331
l,368,1464
t,369,171
l,369,1672
t,370,290
t,370,741
l,370,1371
l,370,1496
l,370,1582
o,370,1687
f,371,398
t,371,596
l,371,1293
f,372,1145
l,372,1547
t,374,341
l,374,1449
t,375,132
t,375,306
t,375,552
t,376,765
t,376,847
l,376,1224
l,376,1393
l,377,275
t,377,1870
l,378,1130
f,378,1786
t,378,1974
l,379,516
t,379,705
t,379,907
l,379,1267
l,379,1350
l,379,1608
t,379,1898
t,380,609
l,380,725
t,380,940
t,380,979
l,381,1631
t,382,374
t,382,634
l,382,1422
t,382,1842
l,383,1171
l,383,1519
t,384,145
t,384,1241
l,384,1754
l,384,1815
t,386,83
t,386,473
t,386,651
l,386,1556
t,387,19
f,387,431
t,387,1026
o,388,44
t,388,289
l,388,538
t,389,250
t,389,1046
l,389,1450
l,389,1506
l,389,1582
f,390,560
f,390,1712
l,391,1670
t,391,1957
l,392,1193
t,393,195
l,393,1317
l,393,1371
t,394,230
t,394,314
t,394,861
t,394,1916
t,395,407
t,395,687
t,395,738
l,395,1354
l,395,1404
l,396,1857
t,397,170
l,397,1285
l,397,1424
l,398,910
l,398,1330
l,398,1519
l,398,1597
f,399,120
t,399,283
t,399,358
l,399,1227
l,399,1488
l,400,1616
t,401,611
l,401,717
t,401,948
l,401,1114
l,401,1537
l,402,37
t,402,211
l,402,1502
t,403,758
t,403,779
f,404,1764
o,405,1792
t,406,584
t,406,829
l,406,1572
t,407,400
l,407,1202
l,407,1844
t,408,144
t,408,442
t,408,474
t,408,1010
l,408,1462
t,408,1979
t,409,519
t,410,10
l,410,412
t,410,1240
l,410,1325
l,410,1517
f,411,90
t,411,935
l,411,1424
l,411,1623
t,412,72
t,412,954
t,412,1958
l,413,133
t,413,869
t,413,1095
l,413,1400
l,413,1677
t,414,190
l,414,797
l,414,1557
f,414,1643
l,415,331
l,415,429
l,415,564
t,415,610
t,415,667
l,415,1584
t,416,299
l,416,1174
l,416,1483
t,416,1882
t,416,1999
t,418,266
f,418,1762
t,419,176
t,419,1030
t,419,1082
l,419,1656
t,420,738
t,420,810
l,420,1283
l,420,1380
l,420,1530
o,421,486
t,421,1810
t,422,232
t,423,454
t,423,894
t,424,542
t,424,695
l,424,1336
l,424,1514
l,425,1872
l,426,404
l,426,1299
l,426,1413
l,426,1568
t,426,1612
t,426,1712
t,426,1836
l,427,346
l,427,505
t,427,578
t,427,1043
l,427,1210
l,427,1225
t,428,4
t,429,766
l,429,802
l,429,1136
l,429,1262
l,429,1475
t,430,531
l,430,1440
l,430,1637
f,431,125
t,431,177
l,431,1387
l,431,1454
t,432,73
l,433,1244
l,433,1494
l,433,1669
t,434,207
l,434,1653
t,434,1795
t,435,702
l,435,1426
l,435,1853
f,436,468
f,437,35
t,437,327
f,437,446
t,437,558
t,437,720
l,437,1552
t,438,665
l,438,1350
t,438,1990
t,439,282
l,440,420
t,440,859
t,440,968
l,440,1331
t,441,830
t,441,902
t,441,927
t,442,242
t,442,400
l,442,1412
t,442,1604
t,443,496
t,443,810
t,443,1008
l,443,1476
l,443,1512
t,443,1976
t,444,1155
l,444,1640
t,445,88
l,445,362
l,445,1280
l,445,1360
l,445,1461
t,445,1899
t,446,162
t,446,983
l,446,1220
f,446,1708
t,446,1790
l,447,1492
t,448,776
f,448,1743
t,448,1955
l,449,1429
l,449,1762
t,450,608
f,450,1910
l,451,1543
t,451,1686
t,451,1851
t,452,541
t,452,740
l,452,1328
t,453,880
t,454,205
l,454,463
t,454,582
t,454,636
t,454,1811
t,455,948
l,455,1413
l,455,1612
f,456,656
t,456,1018
l,456,1443
l,456,1575
f,457,378
l,457,419
l,457,1250
l,457,1343
t,458,1055
l,458,1295
l,458,1638
f,458,1722
l,459,403
l,459,448
f,459,1556
t,460,227
f,460,498
t,460,1098
t,460,1873
t,461,52
t,461,76
l,461,1511
t,461,1945
t,462,772
f,463,332
t,463,705
t,463,816
l,463,1467
l,463,1538
t,464,135
t,464,853
f,464,1178
l,464,1380
o,464,1765
t,465,1911
t,465,1999
l,466,1273
l,466,1321
o,466,1649
f,467,187
t,467,830
t,467,970
f,467,1135
l,467,1423
l,468,591
l,468,1672
t,469,928
l,469,1394
t,469,1803
o,470,530
l,471,1494
t,472,200
l,472,250
l,472,426
t,472,658
t,472,880
t,472,1780
t,472,1922
l,473,1352
l,473,1411
t,474,170
l,474,455
t,474,580
t,474,1006
t,474,1089
l,474,1520
t,474,1616
t,474,1846
f,475,361
l,475,1243
f,476,34
t,476,628
l,476,1451
l,476,1533
l,476,1631
t,477,231
t,477,1037
l,477,1701
t,477,1942
t,478,73
l,478,554
l,478,1219
t,479,2
t,479,670
l,479,1380
t,479,1818
l,481,512
l,481,1256
l,481,1273
l,481,1580
f,482,1194
t,482,1795
t,483,268
t,483,691
t,483,790
t,483,911
l,483,1431
l,483,1668
t,483,1880
t,483,1897
t,483,1975
t,484,307
t,484,806
t,484,942
l,484,1487
f,484,1727
l,485,1471
l,486,476
t,486,751
t,487,1046
t,488,107
t,488,134
l,488,829
l,488,1391
l,490,497
l,490,1516
t,490,1611
t,491,235
l,491,1360
l,492,399
l,492,1236
l,492,1498
l,492,1553
f,493,720
t,493,884
t,493,988
f,494,1159
t,495,289
f,495,340
t,495,770
t,495,1310
f,496,19
l,496,1855
l,497,430
f,497,1675
l,498,581
l,498,1647
t,499,353
t,499,631
t,499,806
t,499,862
t,499,896
t,499,966
l,499,1421
t,499,1925
t,500,59
t,500,162
f,500,379
l,500,1350
l,500,1372
l,501,456
f,502,1185
l,502,1249
l,503,443
l,503,1508
l,503,1594
t,503,1774
t,503,1991
t,504,201
t,504,730
l,504,1282
l,504,1396
t,504,1897
l,506,514
t,506,672
f,506,1133
l,506,1544
t,507,1068
t,507,1099
l,507,1467
t,507,1817
t,508,478
t,508,1308
t,508,1697
t,509,109
l,509,1225
l,510,1448
t,512,354
t,512,832
l,513,393
l,513,1381
l,513,1412
t,514,602
l,514,770
l,514,1495
t,514,1640
t,515,243
l,515,309
t,515,656
t,515,886
l,515,1430
l,515,1667
t,515,1960
t,516,1016
t,516,1796
t,517,1264
l,517,1398
l,518,1758
t,519,803
t,519,1190
l,519,1360
l,519,1896
t,520,122
l,520,442
l,520,582
t,520,707
t,521,273
l,521,1845
t,522,43
t,522,138
l,522,964
l,522,1463
f,522,1736
t,522,1874
o,523,417
l,523,1306
o,523,1692
t,524,495
l,524,682
l,524,1341
t,524,1596
t,524,1787
t,525,932
l,526,1250
t,527,64
t,527,190
t,527,1051
l,527,1119
l,527,1522
t,528,527
f,528,722
t,528,985
f,529,554
f,530,335
t,530,850
l,530,1557
t,530,1658
l,530,1975
l,531,393
l,531,1585
t,532,827
t,532,1223
l,532,1359
t,533,21
f,533,1173
t,534,468
l,534,1334
t,535,51
t,535,1107
f,535,1139
t,535,1319
f,535,1399
t,535,1831
f,536,351
o,536,507
o,536,765
t,536,1931
l,537,102
l,537,1470
l,537,1853
l,538,427
t,538,484
l,538,1451
t,539,918
t,539,970
l,539,1882
t,539,1952
t,540,178
l,540,233
t,540,1998
f,542,703
t,542,788
t,542,809
t,542,1081
l,542,1297
t,543,620
l,543,1414
t,544,393
o,544,567
l,544,1511
t,545,1255
l,545,1564
t,546,263
l,546,407
l,546,1370
l,546,1481
f,546,1740
t,547,196
f,547,742
t,547,892
l,547,1497
l,548,1584
t,548,1694
t,549,1058
l,550,64
t,550,1015
t,550,1973
f,551,672
t,551,1036
t,551,1908
l,552,237
f,552,312
f,552,583
t,552,1269
t,553,1830
t,554,851
t,554,1933
l,555,1221
l,555,1422
t,556,155
f,556,718
o,556,1657
o,557,337
l,557,544
f,557,685
t,558,24
t,558,519
o,559,1371
f,559,1675
l,560,99
t,560,977
t,560,1099
t,560,1603
f,561,1128
t,562,495
f,562,628
t,562,999
f,562,1509
t,562,1806
t,563,2
f,563,595
t,563,1072
o,563,1448
t,564,697
t,564,875
f,564,1171
f,564,1405
t,564,1862
t,565,174
t,565,279
t,565,1298
t,565,1315
t,566,559
o,566,1586
l,567,1468
t,568,46
t,568,461
t,568,889
t,568,947
f,568,1544
o,568,1962
t,569,478
t,569,577
f,569,1203
t,570,619
l,570,823
l,570,1276
t,570,1879
t,571,134
t,571,373
t,571,419
t,571,1379
l,572,226
l,572,1221
l,573,1350
f,574,668
t,574,929
l,574,1426
t,575,1246
f,575,1524
l,576,296
o,576,770
f,576,1494
t,577,1096
t,577,1640
l,578,105
t,578,211
t,578,266
l,578,407
t,578,508
l,578,839
t,578,964
f,578,1138
l,578,1156
t,578,1562
f,578,1713
t,579,339
t,579,1012
l,579,1334
o,579,1509
f,579,1750
l,580,180
t,580,315
t,580,905
f,580,1682
t,580,1932
t,582,252
t,582,1300
l,583,1272
t,583,1656
t,584,794
t,584,1821
l,585,534
t,585,816
l,585,1481
o,586,1381
l,587,151
l,587,934
t,587,1036
t,587,1795
l,587,1947
t,587,1982
f,588,699
t,588,954
l,588,1218
t,588,1607
t,588,1891
t,589,1068
f,590,1247
l,590,1339
f,590,1449
l,591,1352
l,591,1865
f,592,665
l,592,1499
t,592,1842
t,593,310
t,593,861
t,593,905
t,593,1777
t,594,32
t,594,81
t,594,470
t,594,580
t,595,187
t,595,780
t,595,923
l,595,1323
t,596,57
f,596,391
t,596,563
t,596,739
o,597,1680
t,597,1904
f,598,370
t,598,450
t,598,832
l,598,1405
t,599,874
f,600,613
t,600,978
t,600,1127
t,601,239
t,601,640
t,601,1758
l,602,345
f,602,1196
t,603,422
l,603,1096
t,603,1252
t,604,1111
l,604,1341
t,605,1999
t,606,276
f,606,325
l,606,813
t,606,1038
f,606,1148
f,606,1544
t,606,1570
t,607,491
t,607,1587
t,608,111
l,608,548
t,608,1976
l,610,504
l,610,521
t,610,897
t,610,1083
o,610,1415
t,610,1461
t,610,1951
t,611,469
t,612,123
o,612,150
t,612,210
l,612,618
l,612,1234
l,613,579
t,613,733
t,614,184
t,615,48
t,615,1218
t,615,1499
l,615,1814
t,616,94
l,617,1338
f,618,419
t,618,830
t,618,1276
l,618,1292
l,618,1317
t,618,1606
o,618,1665
t,618,1929
f,619,434
t,619,770
t,619,865
t,619,1110
t,619,1477
t,619,1799
f,620,1741
f,621,697
t,621,915
f,622,58
t,622,722
t,622,1376
t,623,223
l,623,543
l,623,1463
l,624,570
t,624,626
f,624,1403
l,624,1518
l,624,1534
t,624,1844
t,624,1895
o,625,489
t,626,242
l,626,1547
t,626,1623
t,626,1917
t,627,178
t,627,1004
f,627,1761
t,627,1864
t,627,1972
t,628,2
f,628,658
f,628,1487
o,628,1682
l,629,365
t,630,115
t,630,519
t,630,892
f,630,1707
f,631,407
t,631,966
t,631,1028
t,632,1268
l,633,1075
l,634,83
f,634,326
t,634,471
t,634,1828
t,635,447
t,635,585
t,635,817
f,635,948
f,635,1141
t,635,1777
t,635,1801
f,635,1999
l,636,46
t,636,613
l,636,1446
l,636,1509
t,637,852
t,639,491
t,639,919
t,639,1596
f,639,1738
t,639,1944
l,640,390
l,640,630
t,640,1372
o,640,1429
t,641,179
t,641,540
l,641,561
t,641,759
l,641,1330
t,642,21
t,642,791
l,642,1638
f,643,426
t,644,1406
o,644,1687
t,645,1211
l,646,363
t,646,1872
t,647,137
t,647,871
t,648,723
t,648,1266
l,649,459
f,649,1999
t,651,101
t,651,1031
f,651,1479
t,652,198
t,652,605
t,652,996
o,652,1353
t,653,1101
l,653,1315
f,653,1523
l,654,580
t,654,752
l,654,853
t,655,888
f,655,1140
t,655,1843
f,656,1163
l,656,1246
t,656,1547
t,656,1899
t,657,766
t,657,1076
f,657,1756
t,658,79
t,658,278
f,658,395
l,658,496
l,658,1624
t,659,823
t,659,1571
l,660,554
f,660,685
t,660,1931
t,660,1968
t,661,1597
l,662,798
t,662,1183
t,662,1489
t,663,230
f,663,339
l,663,447
t,663,1510
t,664,179
t,665,1038
l,665,1261
l,665,1351
l,666,264
f,666,473
f,666,1693
t,667,26
t,667,1218
l,667,1615
t,668,573
l,668,614
t,668,1006
f,669,1383
t,670,980
l,670,1710
l,671,380
f,671,1103
t,671,1305
t,671,1658
t,672,116
f,672,1414
f,673,322
l,673,488
t,674,10
t,674,506
l,674,541
l,674,1276
t,674,1933
f,675,634
t,675,936
t,675,1324
t,676,1060
l,676,1724
f,676,1781
l,677,1490
f,677,1815
f,678,59
t,678,726
l,678,1634
l,679,393
t,679,602
t,679,1223
t,680,1689
f,680,1753
t,681,1862
t,682,156
t,682,227
l,682,855
f,682,1132
l,683,1523
t,683,1910
t,684,688
t,684,753
t,684,1017
t,684,1881
t,685,910
t,685,1212
f,686,424
t,686,675
t,687,660
l,687,1253
l,688,34
l,688,1193
l,688,1283
t,690,837
t,690,956
f,690,1101
t,690,1607
t,691,559
t,691,815
l,691,1361
l,691,1469
l,691,1626
f,692,1455
t,692,1985
f,693,363
t,694,1046
t,694,1177
t,695,77
t,695,527
t,695,1705
f,695,1793
t,696,131
t,696,496
l,696,1500
l,697,1234
t,698,6
t,698,174
t,698,734
t,698,858
t,698,1886
t,699,119
l,699,396
t,699,461
t,699,1943
t,700,978
o,700,1674
t,701,89
t,701,219
t,701,666
f,702,206
t,702,1658
t,702,1821
t,703,263
t,703,1690
t,703,1979
l,704,992
l,704,1254
f,704,1326
f,704,1382
t,704,1560
f,705,638
l,705,1742
t,706,1065
f,706,1095
t,706,1342
f,707,352
t,707,601
t,707,768
t,708,906
l,708,968
f,708,1396
f,709,1761
l,709,1960
t,710,885
l,710,1364
t,711,244
t,711,373
t,711,1013
f,711,1802
t,712,28
t,714,324
t,714,831
l,714,1169
l,714,1267
f,714,1420
l,714,1604
l,714,1919
t,715,1193
l,715,1512
t,716,481
l,716,1876
t,717,183
t,717,286
l,718,510
t,718,1541
t,718,1582
l,718,1674
l,718,1711
f,718,1824
l,718,1842
t,719,676
t,719,1048
f,719,1381
l,719,1628
t,719,1979
t,720,939
l,722,527
t,722,731
t,722,894
t,722,996
l,722,1023
f,722,1746
l,723,466
t,723,863
l,724,1791
f,725,1122
f,725,1451
f,726,589
t,726,771
l,726,970
l,726,1179
t,726,1999
t,727,40
f,727,380
t,727,1470
f,728,1315
t,729,157
t,729,651
l,729,1258
l,729,1732
f,730,408
t,730,697
l,730,1405
f,730,1492
o,730,1525
t,730,1957
t,731,193
t,732,299
t,732,808
l,732,1209
t,733,323
l,734,1619
t,735,146
f,735,1224
t,735,1362
o,735,1921
t,736,1034
t,736,1292
l,736,1384
t,736,1553
l,736,1657
t,737,556
o,737,1810
o,738,92
f,738,919
t,738,978
l,738,1571
t,739,898
f,739,1866
t,740,627
t,740,818
t,740,835
t,740,875
l,740,1183
t,742,50
t,742,748
t,742,948
o,742,1897
t,743,2
f,743,1346
o,743,1519
l,743,1938
t,744,339
l,744,1699
l,745,1756
l,745,1790
t,746,124
t,746,302
l,746,1159
l,746,1769
t,746,1999
f,747,389
f,747,455
t,747,531
f,747,1100
l,747,1685
t,748,642
t,748,1048
l,749,729
l,749,1916
t,750,287
t,751,199
f,751,493
f,751,506
t,751,714
f,751,1235
f,751,1432
l,751,1636
t,752,158
t,752,679
t,752,795
l,752,1971
t,753,782
f,753,1461
l,753,1809
t,754,255
t,754,631
t,755,761
f,755,1127
l,755,1655
l,755,1717
t,756,176
f,756,372
t,756,1005
t,756,1593
o,757,1852
t,758,243
f,758,465
t,758,1358
t,758,1739
t,759,16
f,759,549
l,759,1569
l,760,1168
l,760,1549
l,761,879
t,761,1386
f,761,1897
f,762,1478
l,762,1799
t,763,327
t,763,899
t,763,967
l,763,1208
t,763,1407
l,763,1775
l,763,1824
l,763,1923
t,764,227
t,764,308
l,764,450
f,764,576
t,765,695
f,765,1430
l,765,1666
t,767,659
t,767,747
f,767,1082
t,767,1282
f,767,1946
l,769,1509
l,770,491
t,770,816
t,771,677
l,771,1163
l,771,1702
t,772,1031
f,772,1321
f,772,1999
t,773,84
l,773,1653
t,774,155
t,774,344
t,774,995
l,774,1634
f,774,1971
t,775,1140
f,775,1364
f,775,1916
l,776,1554
l,776,1786
l,776,1884
f,777,1064
f,777,1215
o,778,44
t,778,500
t,778,795
l,778,1570
t,779,173
t,779,212
f,779,1116
t,779,1611
f,779,1949
f,780,417
t,780,965
f,780,1527
l,781,1718
l,782,136
t,782,738
f,782,1238
f,783,286
l,783,460
t,783,927
l,783,1804
l,784,1595
l,785,445
o,785,1164
l,785,1864
t,786,642
l,786,841
t,786,1391
t,787,824
f,788,395
f,788,532
f,788,1463
t,789,868
t,789,1140
f,789,1183
f,789,1486
f,789,1973
t,790,620
t,791,987
l,791,1682
t,792,26
l,792,1301
f,792,1408
t,793,779
l,793,1651
l,793,1709
l,793,1931
t,794,677
l,794,710
f,794,1218
l,794,1760
t,795,216
t,795,1018
l,795,1740
t,796,103
t,796,197
f,796,1091
f,797,500
f,797,1343
f,798,1999
l,799,1915
l,800,513
f,800,1846
l,801,453
l,801,557
l,801,1876
t,802,355
l,802,473
t,802,1374
t,803,730
t,803,1168
f,803,1514
t,804,149
l,804,1045
l,804,1639
t,805,42
t,805,331
t,805,1580
t,805,1803
l,806,1776
l,806,1820
f,807,568
t,807,880
t,807,1279
l,808,394
t,808,855
l,808,1615
t,809,14
t,809,1322
t,810,795
l,810,1393
l,810,1742
t,810,1984
t,811,615
t,811,959
l,811,1119
l,811,1600
t,812,756
t,812,1308
l,812,1908
l,813,171
o,813,487
l,813,905
o,813,1504
f,814,1182
t,815,825
t,815,1243
t,815,1267
t,816,299
t,816,646
f,816,1085
l,816,1688
t,817,245
l,817,1135
t,818,675
t,818,1109
f,818,1533
l,818,1849
t,819,69
t,819,691
t,819,773
l,819,1759
l,819,1780
t,820,979
f,820,1892
t,821,937
t,822,109
l,822,190
t,823,213
l,823,532
t,823,1937
t,824,598
t,824,1227
t,824,1415
t,825,859
f,825,1197
t,825,1274
t,825,1367
t,825,1569
t,826,1738
o,827,1496
l,827,1633
l,827,1832
f,827,1907
t,828,272
t,828,1002
f,828,1067
t,829,2
t,829,138
t,829,587
t,829,1952
l,830,1708
l,830,1862
o,831,491
t,831,726
f,831,1172
l,831,1878
t,832,364
t,832,1389
l,832,1650
l,832,1999
l,833,1152
l,833,1815
t,834,261
t,834,646
t,834,795
t,835,223
l,835,1042
l,835,1672
t,836,299
l,836,1134
f,836,1217
t,836,1336
l,836,1608
l,836,1975
f,837,451
l,837,1794
t,838,167
t,838,769
f,838,1062
f,838,1192
l,839,570
l,839,1700
t,840,319
t,840,1315
l,840,1775
t,841,1299
l,842,508
f,842,1485
t,843,151
f,843,399
t,843,610
t,843,704
t,843,912
t,843,1737
t,843,1893
t,845,234
l,845,337
l,845,545
f,845,1531
t,846,181
t,846,663
t,846,1429
l,847,1644
l,847,1685
l,848,33
t,848,857
l,848,1024
t,848,1248
t,848,1276
t,848,1355
l,848,1662
t,849,1919
t,850,365
f,850,1085
l,850,1627
l,850,1846
t,851,199
f,851,522
t,851,1937
l,852,932
f,852,1566
l,853,470
t,853,1325
f,853,1821
f,854,1544
l,854,1795
t,855,762
t,855,1873
l,855,1983
l,856,1112
l,856,1212
t,857,829
l,857,1228
l,858,1712
l,858,1970
t,859,6
t,859,74
t,859,261
t,859,999
t,859,1400
l,860,412
t,860,441
t,860,590
t,860,798
t,860,1308
l,861,909
l,861,1954
t,862,113
t,862,357
l,862,1611
t,863,40
t,863,139
t,863,317
t,863,728
t,863,1806
l,864,1036
t,864,1459
t,865,669
l,865,1661
l,865,1700
l,867,1722
t,868,432
f,868,1069
t,868,1252
l,868,1591
t,868,1867
l,869,389
l,869,1125
t,870,625
t,870,966
t,871,1283
t,872,86
t,872,165
t,872,889
t,873,250
f,873,1563
l,873,1678
t,874,282
t,875,713
t,875,1220
t,875,1379
f,875,1931
l,876,539
l,876,911
t,876,990
f,876,1154
t,876,1907
t,877,193
l,877,554
t,877,1016
t,877,1412
l,877,1519
t,877,1790
l,877,1985
t,878,2
t,878,49
t,878,1356
t,878,1757
t,879,1274
l,880,1694
t,881,1299
l,881,1668
t,882,223
t,882,1315
t,883,105
t,883,804
t,883,1447
t,883,1730
l,884,323
f,884,413
o,884,505
t,884,593
t,884,1603
t,885,867
t,886,128
t,886,368
t,886,1899
t,887,749
t,887,1434
l,887,1494
l,887,1948
f,888,1167
t,890,302
f,890,397
t,890,1216
t,892,677
t,892,691
t,892,1246
t,892,1458
l,892,1966
t,893,2
t,893,655
t,894,777
t,895,1094
t,895,1327
t,895,1771
t,895,1985
t,896,711
f,896,1080
l,896,1120
l,897,464
l,897,1141
f,897,1905
t,898,148
l,898,436
t,898,1276
t,898,1392
f,899,1035
t,899,1815
t,900,25
l,900,1675
t,901,643
t,901,830
f,901,1160
l,901,1520
o,901,1638
t,902,101
t,902,287
t,903,163
f,903,579
t,903,1751
t,904,1364
t,904,1695
o,905,544
t,905,928
t,906,331
t,906,521
t,906,1101
t,906,1595
l,906,1999
t,907,616
t,907,731
t,907,885
t,907,1313
o,908,55
t,908,1476
t,909,853
l,909,974
t,909,1711
t,910,262
l,910,1010
t,910,1330
t,910,1964
t,911,1452
o,911,1658
o,911,1844
l,911,1939
t,912,124
t,912,195
t,912,905
f,912,1171
t,912,1796
t,913,1489
l,913,1857
t,914,296
t,914,374
t,914,642
t,914,798
t,914,1233
t,914,1398
t,916,162
t,916,663
t,916,871
t,916,1035
l,916,1209
t,916,1282
l,916,1609
t,916,1871
t,916,1889
t,916,1903
t,918,83
t,919,754
t,920,476
t,920,1787
t,921,738
l,921,1136
t,921,1258
t,923,948
o,923,1987
f,924,1192
o,926,1650
f,926,1682
t,927,327
t,927,1220
o,927,1443
l,927,1619
l,929,412
t,929,440
t,929,778
t,929,1476
t,930,686
t,931,313
f,931,532
l,931,1283
l,931,1999
t,932,61
t,932,232
l,932,353
t,932,616
t,932,833
t,932,891
t,932,1241
l,932,1299
l,932,1505
l,932,1952
l,933,861
l,933,1381
l,934,501
t,934,1085
t,935,99
t,935,141
t,935,810
t,935,915
f,935,1067
o,935,1525
t,936,601
t,936,1315
t,936,1743
f,936,1764
l,937,380
t,937,1189
l,937,1431
l,938,209
t,938,635
t,938,709
t,939,575
t,939,649
t,940,78
l,940,1125
t,941,1727
t,941,1861
l,941,1991
f,943,1549
o,944,191
t,944,236
f,944,1611
t,944,1805
t,944,1935
l,944,1959
t,945,272
t,947,121
t,947,456
t,947,478
t,947,757
f,947,1100
t,948,1294
t,948,1335
t,948,1455
t,948,1787
f,949,363
f,949,1033
t,949,1250
f,950,725
f,950,1063
t,950,1225
t,951,38
t,951,333
t,951,513
t,951,597
t,951,831
f,951,1576
l,951,1626
o,952,14
l,952,396
t,953,941
f,953,1176
t,954,973
t,954,1144
t,954,1691
l,954,1979
t,955,804
t,955,1363
t,956,1440
t,957,430
f,958,893
t,958,1893
t,959,1273
l,959,1999
t,960,1407
f,960,1654
t,960,1953
l,961,1386
t,961,1671
l,961,1925
t,962,312
o,962,1528
l,963,594
t,963,687
l,963,770
f,963,1595
t,964,219
t,964,369
o,964,639
l,964,872
f,965,619
t,965,745
t,965,1208
t,966,1139
t,967,267
t,968,156
t,968,508
t,968,1290
f,968,1813
t,969,119
t,969,921
l,969,977
t,970,1461
l,970,1864
t,971,387
t,971,848
t,971,1478
f,971,1659
l,971,1934
t,972,245
t,972,707
l,972,1105
t,972,1234
t,972,1328
t,972,1971
t,973,1417
t,973,1711
t,973,1748
t,974,447
l,974,605
t,974,663
f,974,1052
f,975,26
o,975,1550
t,976,953
t,976,1188
t,976,1352
t,976,1951
l,976,1987
f,977,549
t,977,1435
o,977,1880
t,978,180
t,978,482
l,978,969
t,978,1203
t,978,1510
t,979,327
t,979,1611
t,980,93
t,980,131
l,980,766
l,980,870
t,981,280
t,981,907
t,981,1260
t,981,1308
t,982,1915
t,983,70
f,983,579
t,983,686
l,983,1623
t,983,1804
t,984,351
t,984,1239
t,984,1727
l,986,1118
t,986,1406
f,986,1674
f,987,1076
f,987,1176
t,988,399
t,988,524
l,988,1103
l,988,1138
t,988,1158
t,988,1772
l,988,1973
t,989,798
t,990,442
l,992,1480
t,993,207
l,993,1347
t,994,330
t,994,363
t,994,1929
t,995,160
l,995,1467
t,995,1515
t,996,1330
o,996,1858
t,998,227
t,998,291
t,998,466
t,998,974
l,998,1272
l,998,1947
t,999,136
t,999,547
t,999,1738
t,1000,39
f,1000,1590
t,1000,1825
f,1001,97
t,1001,663
f,1001,1064
t,1002,487
t,1002,604
f,1002,1238
f,1003,1001
f,1003,1100
f,1003,1570
t,1004,348
t,1004,719
f,1004,1556
t,1005,1491
t,1005,1773
t,1005,1986
t,1006,54
t,1006,270
t,1006,895
t,1006,1415
t,1007,698
f,1007,832
f,1007,878
t,1007,1134
t,1007,1311
t,1008,1120
l,1009,762
t,1009,782
l,1009,1640
t,1010,141
t,1010,570
t,1010,938
t,1011,863
l,1011,1213
t,1012,179
t,1012,427
f,1012,1079
f,1012,1179
t,1012,1862
f,1013,69
l,1013,1107
t,1014,386
t,1014,1524
f,1015,625
t,1016,684
t,1016,726
t,1017,308
t,1017,504
t,1017,1467
l,1017,1899
t,1018,202
t,1018,404
t,1018,416
t,1018,746
t,1018,916
t,1018,1687
t,1018,1751
t,1018,1992
t,1019,240
t,1019,476
f,1019,1158
t,1019,1363
t,1019,1708
l,1019,1943
t,1020,543
t,1020,1284
t,1020,1435
t,1022,529
t,1022,952
t,1023,349
t,1023,664
t,1023,1505
l,1024,1122
t,1026,120
t,1026,459
t,1026,557
t,1026,836
f,1026,972
t,1026,1339
t,1027,324
t,1027,605
t,1027,636
l,1027,1313
t,1027,1867
f,1028,591
f,1028,1084
t,1029,432
t,1029,804
t,1029,851
t,1029,1035
l,1029,1668
l,1029,1962
t,1030,1472
l,1030,1931
t,1031,29
t,1031,367
f,1031,1140
t,1031,1647
t,1031,1886
t,1032,256
t,1032,776
t,1032,1247
l,1032,1561
o,1032,1609
t,1032,1845
f,1033,1187
t,1034,1775
t,1035,7
t,1035,509
t,1035,900
t,1035,1363
t,1035,1392
l,1035,1579
f,1035,1911
t,1036,1453
t,1036,1489
l,1036,1805
t,1037,1277
t,1038,202
t,1038,1112
t,1039,673
t,1039,698
t,1039,732
t,1040,1683
t,1041,161
t,1042,849
f,1042,1036
t,1042,1254
t,1042,1411
t,1042,1538
l,1043,1969
t,1044,62
t,1044,1512
t,1045,280
t,1045,948
t,1046,295
f,1046,655
t,1046,778
t,1046,919
t,1046,1334
l,1047,1557
l,1047,1945
t,1048,1095
t,1049,484
l,1049,1312
t,1050,352
t,1050,428
f,1050,523
t,1050,679
f,1050,1621
t,1051,212
t,1051,227
f,1051,1013
t,1051,1529
t,1051,1675
t,1052,112
t,1052,369
f,1052,570
t,1052,712
t,1052,823
t,1052,883
l,1052,1989
f,1053,1082
t,1054,605
t,1054,634
t,1054,752
t,1054,1166
t,1055,896
t,1055,1275
t,1055,1420
l,1056,1892
t,1057,1692
f,1058,170
t,1058,331
t,1058,1128
t,1058,1293
t,1059,57
t,1059,267
t,1059,454
t,1059,855
l,1059,1974
t,1060,1329
f,1060,1771
l,1060,1906
l,1061,726
l,1061,1925
t,1062,292
t,1062,1457
f,1063,508
t,1063,658
f,1063,1026
t,1065,1146
l,1066,434
t,1066,819
t,1066,1344
t,1067,316
t,1067,1384
t,1067,1475
l,1067,1963
l,1067,1999
t,1068,1539
t,1070,406
t,1070,843
f,1070,1064
t,1070,1523
t,1070,1589
t,1071,384
t,1071,1275
t,1071,1438
t,1071,1659
t,1072,967
t,1072,1416
t,1072,1491
t,1073,234
t,1073,1210
t,1074,137
t,1074,355
t,1074,915
t,1074,1086
t,1074,1871
t,1075,939
l,1075,1911
t,1076,768
t,1077,463
f,1077,584
t,1077,682
t,1078,195
t,1078,1623
t,1079,325
t,1079,859
l,1080,70
t,1080,636
o,1080,661
f,1080,727
t,1080,1359
f,1082,10
t,1082,272
t,1082,482
t,1082,1857
l,1082,1962
t,1083,1522
t,1083,1989
t,1084,1292
t,1085,115
t,1085,511
t,1085,803
t,1085,1495
t,1086,299
f,1086,1063
f,1086,1187
o,1086,1946
t,1087,778
f,1087,995
t,1088,1249
t,1089,882
t,1089,1140
t,1090,175
f,1090,594
t,1090,1812
t,1091,215
t,1091,1441
t,1091,1609
l,1091,1922
f,1092,1171
t,1092,1402
t,1092,1664
t,1092,1884
t,1093,415
t,1093,1533
t,1094,1335
t,1094,1649
t,1094,1712
l,1094,1908
t,1095,1636
t,1096,547
l,1096,812
f,1096,1224
f,1097,28
t,1097,1822
f,1098,1041
o,1098,1969
t,1099,147
t,1099,358
t,1099,526
t,1099,690
t,1099,1676
t,1099,1700
t,1100,1363
t,1102,96
t,1102,227
l,1102,1940
t,1103,383
t,1103,403
f,1103,1062
t,1103,1575
t,1103,1788
t,1104,668
t,1104,1499
l,1104,1992
f,1105,262
f,1105,999
t,1106,174
t,1106,455
t,1106,1163
t,1106,1442
l,1107,285
t,1107,1246
t,1108,834
l,1108,957
t,1108,1122
o,1108,1959
t,1110,783
l,1110,1270
f,1110,1300
t,1110,1391
t,1111,114
f,1111,1224
t,1111,1476
t,1112,1863
t,1113,706
f,1114,8
t,1114,736
t,1115,66
t,1115,356
t,1115,435
l,1115,488
t,1115,507
t,1115,683
f,1115,1007
t,1115,1136
t,1115,1377
t,1115,1536
l,1115,1875
l,1115,1900
t,1117,570
t,1117,914
t,1117,1364
l,1117,1983
t,1118,308
t,1118,1104
t,1119,1701
t,1119,1730
o,1120,616
t,1120,1078
f,1120,1600
l,1120,1950
l,1121,1829
t,1122,791
t,1123,867
t,1123,1625
f,1123,1801
t,1124,944
f,1124,1211
l,1125,48
t,1125,1412
t,1126,278
t,1126,518
l,1126,1935
t,1127,840
l,1127,960
l,1127,1325
t,1128,210
t,1128,440
f,1128,1031
t,1129,96
t,1129,133
t,1129,723
t,1129,819
t,1130,339
t,1130,475
t,1130,1279
t,1131,182
t,1131,625
t,1131,922
t,1131,1567
l,1131,1960
t,1132,156
t,1132,1303
l,1132,1840
f,1133,668
t,1133,1747
l,1133,1887
l,1133,1912
f,1134,22
t,1134,1579
f,1135,995
l,1135,1072
t,1135,1147
t,1135,1348
t,1135,1444
f,1136,1050
t,1136,1472
f,1136,1643
t,1138,379
t,1138,884
f,1139,73
t,1139,502
t,1139,783
f,1139,1999
t,1140,194
t,1140,400
t,1140,763
l,1141,1613
t,1141,1705
l,1141,1854
l,1142,1171
t,1142,1663
t,1142,1767
t,1142,1933
t,1143,1213
l,1143,1228
t,1144,742
t,1144,1199
l,1144,1753
t,1145,219
t,1146,284
t,1146,312
l,1146,1138
t,1147,844
l,1147,1962
t,1148,262
l,1148,1088
o,1149,557
t,1149,706
l,1149,1368
t,1149,1386
f,1150,147
f,1150,453
f,1150,650
l,1150,1923
t,1151,1126
t,1152,625
t,1152,1492
t,1152,1532
t,1153,1429
l,1153,1870
f,1154,803
t,1154,1415
t,1155,165
t,1155,354
f,1155,534
o,1155,572
t,1156,823
f,1156,994
l,1156,1723
l,1157,895
l,1157,1163
f,1157,1272
o,1157,1591
t,1157,1688
f,1158,36
t,1159,494
t,1159,724
l,1159,1798
l,1160,1896
o,1161,553
t,1161,759
l,1161,1813
l,1162,583
f,1162,1288
f,1162,1965
t,1163,1243
f,1164,94
l,1164,1224
l,1164,1878
f,1165,77
l,1165,1179
t,1166,948
t,1167,416
t,1167,1634
f,1168,335
t,1168,1347
l,1168,1743
t,1169,484
o,1169,607
t,1169,1935
l,1170,1092
t,1170,1107
t,1170,1538
t,1171,233
t,1171,373
t,1171,842
t,1171,966
t,1171,1439
o,1171,1477
t,1171,1563
l,1171,1696
t,1171,1770
t,1171,1845
t,1172,867
f,1172,1012
t,1172,1399
t,1172,1828
o,1173,1493
t,1175,207
l,1175,539
t,1175,1064
o,1176,560
t,1176,735
f,1177,1732
t,1178,302
t,1178,351
l,1178,525
l,1178,583
o,1178,618
t,1178,831
t,1178,1667
f,1179,633
t,1179,898
l,1179,1133
o,1179,1364
t,1180,254
l,1180,501
t,1180,929
l,1180,1176
t,1182,1330
t,1182,1643
o,1182,1795
t,1184,1983
o,1185,604
l,1185,1221
t,1185,1414
l,1186,96
f,1186,113
l,1186,1085
o,1187,447
f,1188,986
f,1188,1916
t,1189,411
t,1189,1597
o,1189,1943
l,1190,486
t,1190,746
l,1190,1145
t,1190,1667
f,1191,72
t,1191,396
t,1191,734
t,1191,795
t,1191,918
t,1191,949
l,1191,1119
l,1191,1204
t,1191,1580
l,1192,1255
l,1193,1234
l,1193,1877
t,1193,1965
l,1193,1999
o,1194,380
l,1194,422
l,1194,1070
l,1194,1164
l,1194,1354
l,1194,1708
t,1195,868
f,1195,1018
t,1196,461
f,1196,716
f,1196,968
l,1196,1317
t,1197,345
l,1197,569
l,1198,249
t,1198,1477
l,1198,1841
t,1199,1686
f,1199,1902
l,1200,551
l,1200,1381
t,1200,1800
l,1201,1088
f,1201,1736
t,1202,160
l,1202,602
t,1202,819
t,1202,1422
o,1203,411
f,1203,1044
l,1204,519
t,1204,650
l,1204,1250
f,1204,1615
t,1205,275
t,1206,854
l,1206,1202
l,1206,1820
l,1206,1919
l,1207,467
t,1207,803
l,1207,1182
t,1207,1447
t,1207,1639
l,1208,1131
t,1209,300
l,1209,504
l,1209,1982
l,1209,1999
t,1210,205
t,1210,544
f,1210,995
l,1210,1497
t,1210,1516
l,1211,452
f,1212,40
l,1212,486
t,1212,893
t,1212,921
l,1212,1164
o,1212,1284
o,1212,1886
f,1213,123
t,1213,1579
l,1213,1704
f,1213,1784
l,1213,1960
t,1214,956
t,1214,1353
l,1214,1766
f,1215,1051
t,1215,1111
t,1215,1471
l,1216,571
l,1216,1393
l,1216,1805
l,1217,319
t,1218,355
l,1218,528
f,1218,1726
t,1219,727
t,1219,1544
f,1220,253
l,1221,1216
l,1221,1257
l,1222,1147
l,1222,1992
t,1223,651
l,1223,1126
o,1223,1313
t,1223,1677
l,1224,511
f,1226,382
t,1226,836
t,1226,1438
f,1227,133
t,1227,365
t,1227,1091
t,1227,1464
l,1227,1920
t,1228,771
l,1228,1174
t,1229,892
t,1229,1066
l,1229,1862
o,1230,600
l,1230,1817
l,1231,1754
l,1231,1801
o,1231,1875
t,1232,159
f,1232,457
t,1232,944
o,1232,1833
l,1233,682
f,1233,1052
l,1233,1186
t,1233,1369
t,1233,1611
t,1233,1937
t,1234,584
t,1234,903
t,1234,1328
f,1235,78
l,1235,822
l,1235,1135
f,1235,1284
t,1236,260
l,1236,319
l,1236,1217
t,1236,1395
t,1236,1852
t,1237,186
l,1237,539
t,1237,788
f,1237,1474
t,1237,1572
l,1237,1660
t,1238,917
f,1238,1502
l,1239,490
t,1240,1516
t,1240,1587
f,1240,1720
t,1240,1970
l,1241,1912
l,1242,504
l,1242,648
t,1242,1424
f,1242,1771
f,1243,964
f,1243,1231
t,1244,861
f,1244,1013
o,1245,562
t,1245,1156
t,1245,1539
l,1246,520
l,1246,835
f,1246,1063
l,1246,1121
o,1246,1183
f,1247,1844
t,1248,291
t,1248,934
l,1248,1899
l,1249,471
l,1249,1137
t,1249,1459
f,1250,83
t,1250,1100
f,1250,1242
t,1251,177
o,1251,550
t,1251,668
t,1251,766
t,1251,1692
f,1251,1960
t,1252,587
f,1252,1782
t,1252,1999
f,1253,133
l,1253,1211
f,1253,1261
l,1254,1660
t,1255,886
f,1255,1082
l,1258,507
l,1258,714
t,1258,755
o,1259,435
t,1259,1616
t,1260,206
t,1261,12
l,1261,696
f,1261,1059
t,1261,1928
t,1262,191
t,1262,1402
t,1263,550
l,1263,652
f,1263,978
l,1263,1853
l,1263,1984
o,1264,409
t,1264,872
t,1265,339
l,1265,495
l,1265,531
t,1266,829
t,1266,1379
l,1266,1507
l,1267,462
l,1267,843
t,1267,1323
t,1268,155
o,1268,368
t,1268,1698
t,1269,907
l,1269,1160
t,1270,788
t,1270,811
f,1271,1014
t,1271,1449
t,1272,1900
t,1273,236
t,1273,925
o,1273,1283
t,1273,1579
l,1273,1794
t,1274,598
t,1274,1767
t,1275,101
f,1275,299
l,1275,1088
l,1275,1126
f,1275,1223
t,1275,1546
f,1276,277
t,1276,768
l,1276,1107
f,1276,1188
t,1276,1352
t,1276,1480
t,1276,1638
f,1277,984
t,1278,172
t,1278,422
f,1278,1809
l,1279,521
t,1279,1423
t,1279,1680
l,1279,1845
t,1280,719
l,1280,941
l,1280,1063
t,1280,1518
f,1281,1731
l,1281,1989
l,1282,318
t,1282,656
t,1282,1921
t,1283,883
t,1283,1034
l,1283,1890
l,1284,364
t,1284,1399
t,1284,1606
t,1285,635
t,1285,739
l,1285,1660
t,1286,336
t,1286,1961
t,1288,256
l,1288,459
l,1288,1287
l,1290,438
t,1290,531
t,1290,612
t,1290,1357
t,1290,1431
t,1290,1547
f,1290,1940
t,1291,826
t,1291,899
f,1291,1232
t,1292,776
t,1292,915
l,1292,1272
t,1292,1320
t,1293,2
l,1293,474
t,1293,1105
o,1294,137
l,1294,488
l,1294,571
l,1294,1132
f,1295,1035
f,1295,1188
t,1295,1525
l,1297,1170
l,1298,450
l,1298,792
f,1298,1214
t,1299,413
l,1299,926
f,1300,156
t,1300,431
t,1300,682
t,1300,866
t,1300,1586
l,1300,1825
l,1301,981
l,1301,1881
t,1302,1339
t,1302,1416
o,1302,1474
t,1303,306
t,1303,1667
t,1303,1788
l,1303,1850
t,1304,287
t,1304,376
f,1304,1006
t,1304,1086
t,1304,1902
f,1305,1747
l,1305,1866
t,1306,252
t,1306,1642
l,1307,53
l,1307,223
f,1307,1696
t,1307,1804
t,1310,960
t,1310,1071
l,1310,1122
t,1310,1175
l,1311,486
o,1311,512
t,1311,1292
t,1311,1962
t,1311,1978
t,1312,1612
t,1313,364
t,1313,672
t,1313,818
t,1313,1362
l,1313,1823
t,1313,1924
t,1314,847
t,1314,1380
t,1315,592
f,1315,1266
t,1315,1571
f,1315,1719
f,1316,1030
t,1316,1593
t,1316,1630
o,1317,774
l,1317,788
l,1317,1152
t,1317,1514
l,1318,1138
o,1318,1893
t,1319,211
o,1319,622
t,1319,1047
f,1320,250
f,1322,141
o,1322,509
l,1322,534
t,1322,899
f,1322,1243
l,1322,1309
l,1322,1679
t,1323,280
t,1323,445
t,1323,1557
t,1323,1972
l,1324,1776
t,1325,188
o,1325,464
t,1326,832
f,1326,1853
f,1327,70
f,1327,990
f,1327,1484
t,1327,1903
t,1328,304
t,1328,1428
o,1329,947
l,1329,1124
l,1329,1177
f,1329,1216
t,1329,1999
t,1330,374
l,1331,920
l,1332,874
f,1332,971
l,1332,1064
t,1332,1352
l,1332,1825
t,1333,1567
l,1334,1794
f,1335,1004
t,1335,1606
t,1336,17
f,1336,734
l,1336,1166
l,1337,168
o,1337,620
t,1337,1046
o,1338,818
f,1339,99
t,1340,756
t,1340,783
t,1340,1139
t,1340,1588
l,1340,1810
o,1341,417
t,1341,1624
t,1341,1905
f,1342,143
t,1342,1398
t,1342,1532
o,1342,1918
l,1343,2
t,1343,1504
t,1343,1955
f,1344,1216
t,1344,1280
t,1344,1447
l,1344,1835
l,1344,1863
t,1345,224
o,1345,467
o,1345,536
l,1345,983
t,1345,1652
l,1345,1780
t,1346,890
t,1346,1419
o,1346,1876
t,1347,804
f,1347,1674
t,1348,1309
f,1350,155
o,1350,1799
l,1350,1992
f,1351,103
f,1351,1024
t,1352,1151
t,1352,1168
l,1352,1930
t,1354,200
l,1354,748
t,1354,786
f,1354,996
t,1355,874
f,1355,1234
t,1355,1343
t,1355,1366
t,1355,1460
l,1356,1099
l,1356,1817
t,1357,245
l,1357,1133
f,1359,915
l,1359,1116
t,1359,1327
l,1359,1856
f,1360,61
f,1360,724
o,1360,1394
t,1361,296
t,1361,346
t,1361,496
t,1361,1266
o,1361,1744
l,1361,1904
t,1362,1534
t,1362,1571
l,1362,1784
f,1363,1035
t,1363,1596
t,1364,390
l,1364,1441
o,1365,608
l,1366,1672
f,1367,134
l,1367,1068
t,1367,1181
t,1367,1642
t,1368,430
f,1368,935
t,1368,1767
t,1369,1690
t,1370,541
t,1371,700
l,1371,1810
l,1372,1102
l,1372,1894
o,1372,1963
l,1372,1986
l,1373,1123
t,1374,2
f,1374,507
t,1374,827
t,1374,1413
t,1374,1876
t,1375,569
f,1375,622
f,1375,1223
l,1375,1791
f,1376,63
t,1376,319
t,1376,847
t,1376,1473
l,1377,1924
f,1378,219
t,1378,778
f,1379,87
l,1379,1779
f,1380,244
f,1380,1003
f,1381,124
t,1381,1039
l,1381,1090
f,1382,979
t,1382,1147
l,1383,1831
o,1383,1977
t,1384,489
l,1384,1052
t,1384,1348
l,1384,1804
f,1385,602
l,1385,1462
f,1385,1697
t,1385,1767
l,1385,1995
t,1386,1955
t,1387,1164
t,1387,1298
t,1387,1604
t,1388,730
l,1388,1108
t,1388,1485
t,1388,1573
t,1388,1661
l,1388,1911
t,1389,174
o,1389,425
t,1389,1506
f,1390,297
f,1391,9
t,1391,317
t,1391,774
t,1391,1390
t,1391,1542
t,1391,1616
f,1392,476
f,1392,1019
o,1393,677
l,1393,1725
l,1393,1935
o,1394,55
f,1394,126
o,1394,657
f,1394,862
f,1394,934
t,1394,1556
t,1396,1438
t,1397,1850
f,1398,259
t,1398,1749
f,1399,38
t,1399,407
t,1399,812
t,1399,1041
t,1399,1626
f,1400,531
l,1400,547
l,1400,1906
l,1401,1120
f,1402,2
t,1402,17
t,1402,1293
f,1402,1783
l,1403,1103
t,1403,1400
t,1404,791
f,1404,1231
t,1404,1605
t,1405,1054
t,1405,1835
l,1405,1895
t,1407,1455
l,1408,1687
f,1409,1323
t,1409,1474
f,1409,1863
t,1410,348
t,1410,419
o,1411,203
t,1411,226
t,1411,307
t,1412,1651
t,1413,813
l,1413,976
t,1414,495
t,1414,1379
t,1414,1536
o,1414,1766
l,1414,1922
f,1415,575
t,1416,1272
t,1417,174
f,1417,246
f,1417,266
t,1417,606
f,1418,549
t,1418,743
f,1419,112
t,1419,1306
l,1419,1882
f,1420,396
t,1420,451
o,1420,662
t,1420,1018
t,1420,1082
t,1420,1627
l,1421,1100
t,1421,1239
l,1421,1807
t,1421,1973
l,1421,1989
t,1422,825
l,1422,897
t,1422,1494
l,1422,1717
t,1423,147
f,1423,1173
t,1423,1663
f,1423,1830
t,1424,779
t,1424,1358
l,1424,1909
t,1425,694
l,1425,1460
t,1426,210
f,1426,1137
t,1426,1379
t,1427,1254
t,1427,1577
l,1428,587
t,1428,859
f,1428,1698
l,1429,161
t,1430,350
f,1431,290
f,1431,978
f,1432,14
t,1432,443
o,1432,644
l,1432,1105
t,1432,1435
l,1433,378
t,1434,200
l,1434,514
f,1434,552
l,1434,1022
o,1434,1886
f,1435,57
t,1435,770
f,1435,919
t,1435,1611
l,1435,1760
f,1435,1863
t,1436,1646
t,1437,876
l,1437,1781
f,1438,1035
t,1438,1298
t,1439,850
f,1439,941
f,1439,1193
t,1439,1337
t,1439,1932
l,1440,1517
t,1440,1980
f,1441,579
t,1442,597
l,1442,1877
f,1443,531
l,1443,1089
t,1444,25
f,1444,98
f,1444,725
f,1444,996
f,1444,1826
t,1444,1945
f,1445,474
f,1445,1168
o,1446,565
l,1446,833
t,1446,1372
l,1447,350
l,1447,517
t,1448,1590
l,1448,1742
t,1449,1456
t,1449,1501
t,1450,696
f,1451,418
l,1451,1072
t,1451,1415
o,1452,110
t,1452,128
t,1452,1654
t,1453,243
f,1454,18
f,1454,778
t,1454,1103
l,1454,1636
f,1455,1181
l,1456,152
t,1456,629
o,1456,1799
o,1457,379
t,1457,1770
t,1458,1347
t,1458,1622
f,1458,1881
l,1459,174
f,1459,367
f,1459,1838
o,1460,817
o,1461,801
t,1461,1568
o,1462,303
l,1462,1082
t,1462,1295
l,1462,1751
o,1463,407
l,1463,1015
f,1464,991
f,1464,1122
f,1464,1197
l,1464,1727
t,1465,276
l,1465,709
f,1465,732
t,1465,836
f,1465,895
o,1465,1063
t,1465,1268
t,1465,1999
f,1466,53
o,1466,672
o,1466,1907
t,1467,917
f,1467,939
f,1468,226
l,1468,960
t,1468,1251
o,1469,596
l,1469,1035
l,1469,1106
t,1469,1935
f,1472,341
t,1472,1527
t,1472,1803
o,1473,457
t,1473,1218
t,1474,152
f,1474,202
f,1474,288
t,1474,1397
o,1475,574
o,1475,649
l,1475,768
l,1475,975
l,1475,1091
o,1476,403
f,1476,490
t,1476,1450
f,1476,1696
f,1477,102
t,1477,1516
f,1477,1763
l,1480,1048
l,1480,1569
f,1480,1850
o,1481,555
o,1481,786
l,1481,1032
t,1481,1073
f,1482,375
f,1482,531
f,1482,899
l,1482,1004
t,1482,1261
t,1482,1289
f,1482,1473
f,1483,695
t,1483,1346
t,1483,1373
t,1483,1419
t,1483,1936
t,1483,1970
o,1484,2
t,1484,75
o,1484,754
o,1485,392
t,1485,1586
l,1485,1654
l,1485,1712
t,1486,167
f,1486,1123
f,1486,1817
o,1487,611
f,1487,636
t,1487,1951
l,1489,61
t,1490,1436
o,1491,469
f,1491,919
l,1491,1103
o,1491,1883
t,1491,1981
t,1492,1327
t,1492,1912
f,1493,122
l,1493,1193
l,1493,1748
l,1494,954
l,1495,989
t,1495,1383
f,1495,1729
t,1496,674
t,1496,818
l,1496,1074
f,1496,1784
f,1497,238
t,1497,1209
t,1497,1496
t,1497,1555
t,1498,178
f,1498,516
f,1499,220
f,1499,360
t,1499,1615
t,1499,1634
t,1500,375
f,1500,1764
t,1501,730
o,1501,768
l,1501,972
l,1501,1051
o,1503,44
o,1503,306
l,1503,1919
f,1504,335
f,1504,1010
l,1504,1035
l,1504,1993
f,1505,843
o,1505,1255
f,1505,1794
t,1505,1899
t,1506,659
f,1506,918
f,1506,1128
t,1507,145
t,1507,717
f,1507,888
t,1507,1410
o,1508,259
f,1508,1147
t,1508,1194
t,1509,1704
o,1510,619
o,1510,1641
f,1511,859
t,1511,1663
t,1512,1349
o,1512,1848
t,1512,1946
t,1513,1439
l,1513,1774
f,1514,591
t,1514,1582
t,1515,197
t,1515,1309
f,1516,94
f,1516,114
f,1516,442
t,1516,694
l,1516,1077
t,1516,1228
t,1516,1386
t,1517,482
t,1517,1524
f,1518,428
l,1518,1036
t,1518,1538
f,1519,1427
l,1520,2
l,1520,932
l,1520,1932
t,1521,734
l,1521,994
f,1521,1746
o,1521,1814
f,1523,75
t,1523,668
t,1523,1321
f,1523,1831
o,1524,347
l,1524,525
l,1524,1087
t,1524,1282
t,1524,1498
t,1525,756
l,1525,1006
t,1525,1470
l,1526,1730
l,1527,909
t,1527,967
t,1527,1894
t,1528,152
o,1528,635
t,1529,219
t,1529,556
t,1529,868
t,1530,293
t,1530,1383
f,1530,1842
l,1531,1064
f,1531,1102
t,1531,1628
l,1531,1702
t,1531,1774
f,1532,40
o,1532,371
f,1532,1131
l,1532,1671
o,1533,458
t,1533,1187
o,1533,1920
t,1535,2
t,1535,1016
l,1535,1208
t,1535,1561
o,1535,1801
l,1536,127
l,1536,1260
l,1536,1718
t,1536,1994
t,1537,263
l,1537,1050
t,1538,1360
o,1538,1872
l,1539,104
f,1539,516
f,1539,892
t,1539,979
t,1539,1432
t,1540,692
t,1540,1595
t,1540,1758
t,1541,246
o,1541,435
t,1541,540
o,1541,839
l,1541,1076
t,1542,1319
t,1542,1503
f,1543,158
t,1543,564
l,1543,930
t,1543,1480
l,1544,995
t,1544,1552
o,1546,600
t,1546,769
l,1547,455
t,1547,782
t,1547,803
f,1547,1136
t,1547,1578
l,1547,1964
t,1548,716
l,1548,1902
t,1548,1918
t,1550,182
t,1550,1104
t,1550,1300
o,1550,1791
f,1551,890
l,1551,1042
t,1551,1411
f,1551,1775
t,1552,1395
l,1553,1059
l,1553,1701
f,1554,118
t,1554,1200
l,1554,1371
t,1554,1456
t,1554,1536
t,1555,82
f,1555,579
t,1555,690
o,1556,429
o,1556,1644
l,1556,1683
f,1556,1820
t,1557,61
f,1557,294
l,1557,1659
f,1558,628
t,1558,658
t,1558,1337
f,1558,1848
l,1559,1020
l,1559,1075
t,1559,1566
t,1559,1990
t,1560,22
f,1560,146
l,1560,1004
o,1561,976
f,1562,551
l,1562,929
t,1562,1225
t,1562,1551
t,1562,1963
t,1563,408
t,1563,443
f,1563,1119
t,1563,1261
t,1563,1599
t,1563,1737
f,1564,1904
o,1565,482
f,1565,868
f,1566,259
t,1567,757
f,1568,1922
t,1569,719
l,1569,741
o,1569,912
t,1569,1068
l,1569,1642
l,1570,272
t,1570,648
l,1570,1130
t,1570,1369
t,1570,1502
l,1570,1682
f,1570,1756
l,1571,959
f,1571,1812
t,1572,564
t,1572,791
f,1572,1475
t,1573,37
t,1573,1404
l,1575,989
t,1575,1442
t,1575,1523
t,1575,1948
f,1576,219
o,1576,850
t,1577,1178
t,1577,1611
o,1577,1831
t,1578,6
t,1578,499
l,1578,576
l,1579,1008
t,1579,1268
t,1579,1463
t,1579,1564
t,1580,1229
o,1581,1032
t,1581,1356
t,1583,754
l,1583,950
l,1583,967
l,1583,1726
t,1584,1334
t,1585,1695
t,1586,1290
t,1587,115
f,1587,807
l,1587,1068
t,1587,1865
t,1588,188
l,1588,701
t,1588,1162
t,1588,1590
t,1588,1982
t,1589,1541
t,1589,1957
o,1590,240
f,1590,831
l,1590,886
l,1590,991
t,1591,1478
t,1591,1516
o,1591,1768
t,1592,52
t,1592,603
f,1592,1796
t,1593,84
t,1594,770
t,1594,1577
t,1595,674
f,1595,1120
t,1595,1224
l,1595,1662
l,1595,1896
t,1596,432
f,1596,1104
l,1597,1677
f,1598,1636
t,1599,1332
f,1600,555
t,1600,1827
o,1601,300
l,1601,865
t,1601,1268
t,1601,1420
t,1601,1459
t,1602,182
t,1602,698
t,1602,1389
l,1602,1528
t,1602,1565
t,1603,163
t,1603,1368
l,1604,1190
t,1605,574
f,1606,315
t,1606,473
t,1606,737
t,1606,967
t,1606,1286
l,1607,895
f,1607,1123
t,1607,1915
f,1608,654
f,1608,1050
t,1609,1004
f,1609,1021
t,1610,18
t,1610,1970
t,1611,128
f,1611,820
t,1611,1156
f,1611,1738
o,1611,1810
l,1612,1516
l,1612,1647
l,1612,1712
o,1613,516
t,1614,41
f,1614,776
l,1614,1065
t,1614,1317
t,1615,208
f,1615,268
o,1615,875
t,1615,1199
t,1615,1476
t,1616,943
f,1617,986
t,1617,1365
l,1617,1664
t,1618,1408
l,1618,1692
t,1619,1861
l,1621,395
o,1621,486
o,1622,541
t,1622,852
t,1622,1923
t,1623,148
t,1623,347
l,1623,921
t,1624,50
f,1624,793
t,1624,1531
l,1625,897
t,1625,1881
l,1626,864
t,1626,1156
t,1626,1583
t,1626,1819
t,1626,1837
t,1627,578
l,1627,1089
t,1628,239
t,1628,729
t,1628,1253
f,1629,651
l,1629,678
t,1629,958
t,1629,1187
t,1630,68
f,1630,1014
t,1630,1983
o,1631,632
f,1631,1775
o,1632,1054
l,1632,1703
o,1632,1801
l,1633,451
o,1633,475
f,1633,1116
l,1633,1902
t,1634,94
l,1634,878
t,1634,1030
t,1634,1271
t,1634,1330
t,1634,1510
f,1636,129
l,1636,424
l,1636,603
t,1636,1287
t,1636,1446
f,1638,791
l,1638,853
f,1638,988
l,1638,1681
t,1639,332
f,1639,1716
o,1639,1791
t,1640,1419
t,1640,1558
t,1641,557
l,1641,703
t,1642,362
t,1642,1245
t,1642,1381
o,1642,1743
t,1642,1999
o,1643,208
l,1643,810
t,1644,168
o,1644,288
l,1644,468
t,1644,572
f,1644,663
l,1644,827
f,1644,1614
t,1644,1869
f,1645,761
o,1646,306
l,1646,840
l,1646,1646
t,1646,1825
t,1647,1186
f,1648,138
t,1649,1881
f,1650,596
l,1650,868
o,1650,1730
o,1651,540
f,1651,988
t,1651,1495
t,1651,1951
o,1652,382
l,1652,1632
o,1652,1925
l,1653,1057
l,1653,1658
l,1653,1687
t,1655,43
t,1655,272
o,1655,485
o,1656,196
l,1656,396
l,1656,965
l,1656,1167
t,1656,1318
t,1656,1540
t,1657,619
l,1657,1438
l,1657,1452
l,1658,106
t,1658,128
o,1658,468
t,1658,676
f,1658,1354
l,1658,1620
t,1658,1908
l,1660,855
t,1660,1508
t,1661,75
t,1661,432
t,1661,1151
t,1662,1253
l,1662,1305
l,1662,1804
l,1663,897
o,1663,1727
f,1664,211
t,1664,241
t,1664,770
t,1664,1999
l,1665,365
o,1665,657
f,1665,1107
t,1665,1402
t,1665,1776
l,1666,821
t,1666,1966
t,1667,644
t,1668,1193
t,1668,1469
t,1668,1555
l,1669,973
f,1669,1085
t,1669,1857
l,1670,451
t,1670,743
t,1670,1834
t,1671,2
t,1671,140
l,1671,170
t,1671,541
l,1671,558
l,1671,912
f,1671,1577
o,1671,1695
l,1672,789
o,1673,860
f,1674,112
o,1674,1030
t,1674,1524
f,1674,1604
t,1675,358
l,1675,402
t,1675,613
l,1675,1433
t,1675,1500
t,1676,55
l,1676,437
l,1676,802
t,1677,88
l,1677,1813
t,1678,272
l,1678,476
t,1678,686
l,1678,1670
l,1679,383
f,1679,1278
t,1680,1467
l,1680,1622
l,1681,920
t,1681,1919
l,1682,891
f,1682,947
t,1683,314
l,1683,845
t,1683,1154
t,1683,1256
t,1683,1311
l,1683,1634
f,1684,152
t,1684,1223
o,1685,198
l,1685,748
f,1685,1648
t,1685,1936
o,1686,413
f,1686,707
t,1687,588
t,1687,656
o,1687,671
l,1687,766
t,1688,1001
t,1688,1973
t,1688,1995
t,1690,1493
t,1690,1819
t,1691,218
t,1691,526
f,1691,1114
t,1691,1547
t,1691,1893
t,1692,290
o,1693,370
l,1693,565
l,1693,831
t,1693,1240
t,1693,1380
f,1693,1800
t,1694,1135
t,1695,55
f,1695,98
l,1695,464
f,1695,1055
t,1695,1528
l,1696,500
o,1696,1724
f,1697,1764
o,1698,630
f,1698,1067
l,1698,1679
t,1698,1914
t,1699,811
o,1699,923
t,1699,1019
t,1699,1847
t,1700,487
t,1700,1173
f,1700,1611
l,1700,1779
t,1700,1862
l,1701,16
l,1702,400
f,1702,650
l,1702,1659
l,1703,388
o,1703,858
f,1703,1578
l,1704,31
t,1704,119
o,1704,136
f,1704,1699
t,1704,1999
l,1705,521
o,1705,785
t,1706,878
f,1706,946
f,1706,1037
t,1706,1390
l,1707,435
t,1707,1282
f,1707,1313
t,1707,1340
t,1707,1418
t,1707,1511
l,1707,1642
f,1708,725
t,1708,1354
f,1710,574
f,1710,966
t,1710,1528
t,1710,1951
l,1711,465
o,1711,548
f,1711,702
l,1711,980
t,1711,1839
t,1712,215
t,1713,243
l,1713,921
t,1713,1446
t,1714,493
t,1714,736
t,1714,1230
l,1714,1611
t,1715,292
t,1715,1172
t,1715,1779
o,1716,396
t,1716,1800
o,1718,346
t,1718,885
f,1718,1047
f,1719,1101
t,1719,1828
l,1720,435
l,1721,1749
t,1721,1979
t,1722,511
t,1722,852
l,1723,421
l,1723,566
f,1723,660
f,1723,1075
f,1724,638
l,1724,772
t,1724,1148
o,1724,1592
l,1724,1639
l,1725,449
t,1725,1908
t,1726,2
l,1726,816
t,1726,1490
t,1727,605
t,1727,1374
l,1727,1662
f,1728,116
o,1728,543
t,1729,1467
l,1729,1677
t,1730,64
f,1731,1058
t,1731,1351
t,1731,1509
t,1731,1957
f,1732,723
f,1732,1015
t,1733,470
l,1733,1033
o,1734,409
l,1734,1614
l,1734,1629
t,1736,236
f,1736,1100
t,1736,1255
f,1736,1726
f,1736,1875
t,1737,1805
f,1738,137
f,1738,954
f,1738,1589
o,1739,669
f,1739,1308
t,1739,1392
t,1740,365
f,1740,737
t,1740,1133
o,1741,330
t,1741,1236
t,1742,618
t,1742,1185
t,1742,1759
t,1743,67
t,1743,510
l,1743,1639
t,1744,17
f,1744,1560
l,1745,301
l,1745,1013
o,1746,406
t,1746,480
t,1746,1417
t,1746,1784
t,1746,1934
o,1747,428
l,1747,772
l,1747,1517
t,1747,1999
t,1749,2
t,1749,555
t,1749,1436
l,1750,809
t,1750,1291
t,1750,1832
t,1751,146
t,1751,894
f,1751,943
t,1751,1154
f,1751,1700
l,1752,187
t,1752,588
l,1752,1035
t,1752,1231
l,1753,756
f,1753,1065
t,1754,876
o,1755,266
o,1755,363
t,1755,376
t,1755,491
o,1755,680
l,1755,723
t,1755,1364
t,1755,1468
t,1755,1484
t,1756,1210
l,1756,1506
l,1757,703
t,1757,1318
l,1757,1668
t,1758,1268
t,1758,1539
l,1758,1686
t,1759,1864
t,1759,1895
t,1760,843
f,1760,1555
l,1761,465
f,1761,1082
t,1761,1440
l,1761,1625
f,1761,1644
t,1762,1778
l,1762,1959
t,1763,653
t,1763,966
t,1763,1943
t,1764,1975
t,1765,1907
f,1766,1048
t,1767,1139
t,1767,1220
t,1767,1743
t,1767,1998
t,1768,82
t,1768,540
t,1768,806
t,1769,1248
t,1770,12
l,1770,31
f,1770,343
t,1770,1380
t,1770,1420
t,1770,1510
t,1772,1344
t,1772,1795
t,1773,1600
t,1774,196
t,1774,395
t,1774,713
t,1775,491
l,1775,1010
t,1776,287
t,1776,1162
f,1776,1588
f,1776,1699
l,1777,557
t,1777,1461
f,1777,1551
f,1777,1675
l,1778,133
f,1778,748
t,1778,1233
f,1778,1630
t,1779,1914
t,1780,868
f,1780,1658
t,1780,1877
f,1781,357
o,1781,578
t,1781,1184
l,1782,154
o,1782,209
t,1782,1529
t,1783,947
t,1783,1483
t,1783,1734
t,1785,1776
t,1786,614
t,1786,1267
l,1786,1325
t,1787,888
t,1787,901
t,1787,1131
t,1787,1791
f,1788,686
t,1788,1102
t,1789,1382
t,1789,1954
l,1790,1717
t,1790,1999
f,1791,732
t,1792,866
t,1792,1472
t,1792,1891
t,1794,99
t,1794,307
t,1794,387
t,1794,462
l,1794,574
f,1794,1690
t,1794,1815
t,1794,1975
f,1795,520
f,1795,1232
t,1795,1449
o,1795,1652
t,1795,1852
f,1796,638
l,1796,1044
t,1796,1411
l,1796,1601
o,1797,499
t,1797,1776
t,1798,412
t,1798,1928
l,1799,150
o,1799,251
t,1799,606
f,1799,1063
l,1799,1629
t,1801,844
f,1801,1364
t,1802,809
t,1802,1209
t,1803,432
f,1803,710
f,1803,1268
t,1803,1314
f,1803,1547
t,1803,1910
f,1804,31
f,1804,47
t,1804,170
f,1804,731
t,1804,1087
t,1804,1245
f,1805,960
t,1805,1187
t,1806,183
f,1806,788
t,1806,1131
o,1806,1587
t,1807,214
t,1807,1291
t,1807,1384
t,1807,1428
t,1808,10
t,1808,356
t,1809,69
t,1809,487
f,1810,640
t,1810,1002
o,1810,1704
t,1810,1900
t,1810,1949
o,1811,524
f,1811,558
l,1812,125
f,1812,982
f,1812,1659
o,1813,1988
l,1815,242
f,1815,408
f,1815,1028
t,1815,1486
o,1816,196
f,1817,682
l,1817,1418
f,1818,602
t,1818,827
t,1818,1403
o,1819,434
f,1819,1637
f,1820,734
t,1820,857
f,1821,138
t,1821,890
t,1821,1503
l,1821,1575
t,1822,1164
f,1823,315
f,1823,356
t,1824,770
t,1824,805
t,1824,1462
f,1825,1547
l,1825,1598
t,1825,1837
t,1826,386
t,1826,930
t,1826,962
t,1826,1264
f,1827,625
t,1827,1297
f,1827,1804
f,1828,672
t,1828,1310
t,1828,1361
t,1828,1961
l,1830,428
l,1830,453
t,1830,1055
t,1831,74
l,1831,198
t,1833,882
o,1833,1111
t,1834,2
l,1834,110
t,1834,487
f,1834,580
t,1834,1000
t,1835,1076
t,1835,1202
o,1835,1989
o,1836,411
l,1836,1432
t,1836,1930
l,1837,1177
t,1837,1747
t,1838,853
t,1838,1473
t,1839,370
o,1839,521
t,1839,1369
t,1840,1136
f,1841,635
f,1841,688
t,1841,1450
t,1841,1572
t,1842,1762
l,1843,923
t,1843,1894
f,1844,38
l,1844,781
t,1844,804
o,1845,296
f,1845,769
f,1846,140
t,1846,246
l,1846,1501
f,1847,212
l,1848,432
f,1849,323
t,1849,1242
l,1850,1639
t,1850,1948
o,1851,454
t,1851,750
t,1851,1156
l,1851,1662
t,1852,1384
f,1852,1546
f,1852,1708
t,1853,112
t,1854,28
l,1854,1186
t,1854,1353
l,1855,1057
l,1856,288
t,1856,880
f,1856,967
t,1857,598
f,1857,1274
t,1857,1460
t,1858,1787
t,1859,506
t,1859,1407
t,1859,1834
f,1860,1040
t,1860,1431
l,1861,1578
f,1861,1594
t,1862,822
t,1863,2
t,1863,846
t,1865,1066
t,1866,751
t,1866,1154
t,1866,1200
f,1866,1624
t,1867,911
o,1867,1492
f,1867,1672
l,1868,39
t,1868,1090
t,1868,1745
f,1869,1558
t,1869,1856
f,1870,201
t,1870,243
t,1870,541
t,1870,588
f,1871,953
t,1871,1919
t,1872,111
t,1872,220
f,1872,982
t,1872,1968
f,1873,1307
t,1874,24
t,1874,395
f,1874,684
t,1874,802
t,1874,1008
l,1874,1576
t,1874,1988
t,1875,2
t,1875,419
f,1875,615
l,1875,773
f,1875,1027
t,1876,83
t,1876,501
l,1877,723
l,1877,1589
t,1878,870
l,1879,1130
t,1879,1172
t,1879,1236
f,1879,1275
f,1879,1380
t,1880,448
f,1880,644
l,1881,1411
l,1881,1698
t,1882,1716
f,1883,181
t,1883,848
f,1883,976
t,1883,1770
t,1883,1793
t,1884,151
t,1884,561
f,1884,1463
t,1884,1868
o,1885,352
t,1885,1112
t,1885,1896
t,1886,119
t,1886,1917
f,1887,258
t,1888,101
t,1888,1076
f,1888,1532
t,1890,1217
l,1890,1505
f,1890,1601
f,1891,1350
t,1892,81
t,1892,535
f,1892,660
l,1893,470
f,1893,1614
t,1893,1734
f,1894,684
t,1894,763
t,1895,422
t,1895,1849
f,1896,312
t,1896,826
t,1896,1815
t,1896,1865
t,1897,804
t,1898,1436
l,1898,1481
f,1898,1572
t,1900,40
f,1900,783
t,1900,1059
l,1900,1802
t,1900,1926
t,1900,1994
l,1901,250
f,1901,629
t,1903,25
l,1903,593
t,1903,1156
t,1904,1092
f,1904,1291
f,1905,461
l,1905,488
f,1905,1328
l,1905,1543
f,1905,1622
t,1905,1729
t,1905,1766
f,1906,193
t,1906,560
t,1906,866
t,1906,1306
t,1906,1458
t,1907,716
t,1907,741
f,1907,898
t,1908,119
f,1908,654
t,1908,844
l,1908,964
t,1908,1035
t,1910,143
l,1910,503
l,1910,1563
t,1911,96
t,1911,1172
t,1912,1116
l,1912,1710
l,1913,2
t,1914,1378
f,1914,1639
f,1915,175
t,1915,1940
t,1916,1058
t,1916,1144
l,1916,1271
t,1916,1352
f,1916,1511
t,1916,1904
t,1916,1975
f,1917,224
t,1917,435
l,1917,1665
t,1917,1993
t,1918,1087
t,1919,45
t,1919,727
t,1919,813
t,1919,1239
t,1919,1415
l,1920,956
l,1920,1486
t,1920,1808
t,1921,67
f,1922,243
l,1922,514
f,1922,1556
f,1922,1576
t,1923,108
t,1923,274
t,1923,360
t,1923,800
t,1923,981
l,1924,154
f,1924,643
t,1924,1747
l,1926,487
f,1927,1196
t,1927,1431
t,1928,915
t,1928,1774
t,1929,408
t,1930,1037
t,1930,1088
l,1930,1657
t,1930,1978
l,1931,1502
t,1933,540
t,1933,775
t,1933,1481
t,1933,1701
f,1934,10
f,1934,189
t,1934,1843
t,1934,1910
o,1935,145
t,1935,837
t,1935,1308
f,1936,257
t,1936,1672
t,1936,1722
o,1937,202
o,1937,477
t,1937,588
f,1937,1560
t,1938,1383
f,1939,858
t,1939,1362
l,1939,1443
t,1939,1767
t,1940,45
t,1940,331
t,1940,748
t,1940,1122
t,1941,456
t,1941,1271
f,1941,1604
t,1942,928
f,1943,84
t,1943,623
t,1943,796
t,1943,1230
l,1943,1531
t,1944,1217
f,1946,1873
t,1946,1889
l,1947,1618
l,1948,131
o,1948,1096
t,1948,1935
t,1949,526
t,1949,549
t,1950,417
f,1950,704
t,1950,1425
t,1951,111
t,1951,382
l,1951,1025
f,1951,1158
t,1951,1830
o,1952,1457
l,1952,1749
t,1954,731
t,1954,1130
f,1955,1520
t,1956,502
t,1956,616
f,1956,1588
t,1956,1692
t,1956,1842
t,1957,371
l,1957,1057
f,1957,1270
t,1957,1343
t,1958,1923
f,1959,180
f,1959,259
t,1961,849
l,1961,1095
f,1961,1562
t,1962,591
t,1962,1283
l,1962,1493
t,1962,1662
t,1962,1802
t,1964,35
t,1964,1244
t,1964,1314
t,1964,1819
t,1966,1299
t,1966,1950
f,1967,638
t,1967,676
l,1967,1385
t,1967,1414
f,1968,400
l,1968,655
l,1968,1467
f,1969,1530
f,1970,61
t,1970,320
o,1970,555
t,1970,771
t,1970,1550
t,1970,1731
o,1971,134
f,1971,908
t,1972,12
t,1972,339
t,1972,696
t,1972,943
f,1972,983
t,1973,217
l,1973,960
f,1973,1612
t,1974,1007
t,1974,1894
o,1975,1872
l,1976,156
t,1976,1355
t,1976,1434
f,1976,1591
o,1977,242
l,1977,1481
t,1977,1666
t,1978,827
t,1978,1171
t,1979,296
t,1979,747
f,1979,1201
t,1979,1246
t,1980,1976
t,1982,1085
t,1982,1782
t,1982,1822
t,1983,96
l,1983,231
f,1983,347
l,1983,456
t,1983,1027
l,1983,1454
l,1984,544
f,1984,637
l,1984,1395
t,1984,1845
f,1985,377
t,1985,726
l,1986,1104
t,1986,1287
t,1987,790
t,1987,1128
t,1987,1150
t,1987,1900
f,1988,494
t,1988,529
t,1989,4
t,1989,210
t,1989,658
l,1989,685
l,1989,1380
l,1989,1507
t,1990,1216
t,1991,1677
t,1991,1936
l,1992,165
t,1992,284
t,1992,595
t,1993,31
t,1993,1980
t,1994,316
l,1994,913
t,1994,1702
t,1995,1757
t,1996,1271
t,1998,871
t,1998,961
t,1998,1420
t,1998,1812
t,1999,127
t,1999,203
l,1999,235
f,1999,430
f,1999,830
t,1999,855
t,1999,980
t,1999,1170
t,1999,1316
t,1999,1362
o,1999,1466
t,1999,1542
f,1999,1567
t,1999,1646
t,1999,1728
t,1999,1857
